tipoDocumento,concesionaria,autopista,fechaHora,categoriaVehiculo,importe,ivaIncluido,formaPago,referencia,idEmpresa,empresaNombre,idUsuario,provincia,tramo,entrada,salida
Peaje,Estatal,AP-61,2025-04-13 03:30:15,A,"1,40 €",IVA incluido,Tarjeta crédito,PASO-6592AC2F,EMP04,Transporte_04 S.L.,EMP04-U28,Madrid,Conexión AP-6 (El Espinar) – Ortigosa,Conexión AP-6 (El Espinar),Ortigosa
Peaje,Estatal,AP-7,2025-07-18 16:58:03,A,"2,75 €",IVA incluido,Tarjeta crédito,PASO-FDCB37B2,EMP04,Transporte_04 S.L.,EMP04-U28,TARRAGONA,724 Entronque A-7 – 754 Carretera San Miguel Benijofar,724 Entronque A-7,754 Carretera San Miguel Benijofar
Peaje,Estatal,AP-66,2025-01-12 17:26:40,A,"6,10 €",IVA incluido,Tarjeta crédito,PASO-B69F7DC4,EMP04,Transporte_04 S.L.,EMP04-U28,Principado de Asturias,La Magdalena – León,La Magdalena,León
Peaje,Estatal,AP-61,2025-06-30 06:26:20,A,"1,55 €",IVA incluido,Tarjeta crédito,PASO-C8246C2C,EMP04,Transporte_04 S.L.,EMP04-U28,Madrid,Ortigosa del Monte – Hontoria,Ortigosa del Monte,Hontoria
Peaje,Estatal,AP-61,2025-06-02 06:34:50,A,"2,15 €",IVA incluido,Tarjeta crédito,PASO-43D944AD,EMP04,Transporte_04 S.L.,EMP04-U28,MADRID,Otero de Herreros – Hontoria,Otero de Herreros,Hontoria
Peaje,Estatal,AP-68,2025-01-07 20:44:35,A,"18,20 €",IVA incluido,Tarjeta crédito,PASO-56438058,EMP04,Transporte_04 S.L.,EMP04-U28,Aragón,Subijana – Autop. Navarra,Subijana,Autop. Navarra
Peaje,Estatal,AP-61,2025-02-20 04:47:40,A,"2,85 €",IVA incluido,Tarjeta crédito,PASO-D8E4E43A,EMP04,Transporte_04 S.L.,EMP04-U28,"Madrid, Comunidad de",Conexión AP-6 (El Espinar) – Hontoria,Conexión AP-6 (El Espinar),Hontoria
Peaje,Estatal,AP-66,2025-06-12 02:15:21,A,"6,10 €",IVA incluido,Tarjeta crédito,PASO-8B625E2F,EMP04,Transporte_04 S.L.,EMP04-U28,Asturias,La Magdalena – León,La Magdalena,León
Peaje,Estatal,AP-7,2025-05-24 01:10:22,A,"5,50 €",IVA incluido,Tarjeta crédito,PASO-809B8852,EMP04,Transporte_04 S.L.,EMP04-U28,Alicante/Alacant,763 La Zenia Urbanizaciones – 784 San Javier (Sur)-Acceso aeropuerto,763 La Zenia Urbanizaciones,784 San Javier (Sur)-Acceso aeropuerto
Peaje,Estatal,AP-68,2025-02-24 20:07:51,A,"8,20 €",IVA incluido,Tarjeta crédito,PASO-DDE02E1C,EMP04,Transporte_04 S.L.,EMP04-U28,LA RIOJA,Tudela – Zaragoza,Tudela,Zaragoza
Peaje,Estatal,AP-6,2025-05-18 19:32:18,A,"4,50 €",IVA incluido,Tarjeta crédito,PASO-2CF259F0,EMP04,Transporte_04 S.L.,EMP04-U28,"Madrid, Comunidad de",Villacastín – Adanero,Villacastín,Adanero
Peaje,Estatal,AP-7,2025-02-14 08:50:13,A,"2,75 €",IVA incluido,Tarjeta crédito,PASO-102F0973,EMP04,Transporte_04 S.L.,EMP04-U28,Málaga,763 La Zenia Urbanizaciones – 774 San Pedro del Pinatar (Norte),763 La Zenia Urbanizaciones,774 San Pedro del Pinatar (Norte)
Peaje,Estatal,AP-7,2025-01-17 13:01:30,A,"2,75 €",IVA incluido,Tarjeta crédito,PASO-8C07E034,EMP04,Transporte_04 S.L.,EMP04-U28,VALENCIA,754 Carretera San Miguel Benijofar – 784 San Javier (Sur)-Acceso aeropuerto,754 Carretera San Miguel Benijofar,784 San Javier (Sur)-Acceso aeropuerto
Peaje,Estatal,AP-7,2025-04-09 02:47:01,A,"2,75 €",IVA incluido,Tarjeta crédito,PASO-7F4FA0A4,EMP04,Transporte_04 S.L.,EMP04-U28,Cataluña,730 Catral – 758 San Miguel de Salinas-Torrevieja,730 Catral,758 San Miguel de Salinas-Torrevieja
Peaje,Estatal,AP-7,2025-05-21 22:48:57,A,"2,75 €",IVA incluido,Tarjeta crédito,PASO-D141E04A,EMP04,Transporte_04 S.L.,EMP04-U28,Tarragona,724 Entronque A-7 – 754 Carretera San Miguel Benijofar,724 Entronque A-7,754 Carretera San Miguel Benijofar
Peaje,Estatal,AP-7,2025-07-21 16:30:15,A,"5,50 €",IVA incluido,Tarjeta crédito,PASO-AC78C13E,EMP04,Transporte_04 S.L.,EMP04-U28,ALICANTE,754 Carretera San Miguel Benijofar – 780 San Javier (Norte)-Sucina,754 Carretera San Miguel Benijofar,780 San Javier (Norte)-Sucina
Peaje,Estatal,AP-68,2025-07-17 15:01:58,A,"14,55 €",IVA incluido,Efectivo,PASO-EDB8D79B,EMP04,Transporte_04 S.L.,EMP04-U28,Bizkaia,Subijana – Calahorra,Subijana,Calahorra
Peaje,Estatal,AP-7,2025-01-31 23:55:00,A,"2,75 €",IVA incluido,Tarjeta crédito,PASO-7E6D9D28,EMP04,Transporte_04 S.L.,EMP04-U28,VALENCIA,754 Carretera San Miguel Benijofar – 786 Los Alcazares (Norte),754 Carretera San Miguel Benijofar,786 Los Alcazares (Norte)
Peaje,Estatal,AP-61,2025-07-16 06:34:44,A,"1,55 €",IVA incluido,Tarjeta crédito,PASO-6036D424,EMP04,Transporte_04 S.L.,EMP04-U28,MADRID,Ortigosa del Monte – Segovia,Ortigosa del Monte,Segovia
Peaje,Estatal,AP-6,2025-02-02 04:02:18,A,"9,75 €",IVA incluido,Tarjeta crédito,PASO-F9C30B29,EMP04,Transporte_04 S.L.,EMP04-U28,MADRID,Villalba – Villacastín,Villalba,Villacastín
Peaje,Estatal,AP-7,2025-04-20 19:45:22,A,"2,75 €",IVA incluido,Efectivo,PASO-62348EA7,EMP04,Transporte_04 S.L.,EMP04-U28,Alicante/Alacant,784 San Javier (Sur)-Acceso aeropuerto – 797 Torre del Negro,784 San Javier (Sur)-Acceso aeropuerto,797 Torre del Negro
Peaje,Estatal,AP-68,2025-06-28 06:18:19,A,"8,45 €",IVA incluido,Efectivo,PASO-F20DC657,EMP04,Transporte_04 S.L.,EMP04-U28,País Vasco,Subijana – Fuenmayor,Subijana,Fuenmayor
Peaje,Estatal,AP-7,2025-03-10 16:40:04,A,"5,50 €",IVA incluido,Tarjeta crédito,PASO-29DE8627,EMP04,Transporte_04 S.L.,EMP04-U28,Cataluña,Troncal de Calahonda – ,Troncal de Calahonda,
Peaje,Estatal,AP-7,2025-03-12 23:55:00,A,"2,75 €",IVA incluido,Tarjeta crédito,PASO-1CA271BA,EMP04,Transporte_04 S.L.,EMP04-U28,Barcelona,763 La Zenia Urbanizaciones – 794 Los Alcazares (Sur),763 La Zenia Urbanizaciones,794 Los Alcazares (Sur)
Peaje,Estatal,AP-7,2025-02-16 17:33:03,A,"2,40 €",IVA incluido,Tarjeta crédito,PASO-13B826C2,EMP04,Transporte_04 S.L.,EMP04-U28,Barcelona,Estepona – Guadiaro,Estepona,Guadiaro
Peaje,Estatal,AP-68,2025-07-11 14:29:13,A,"16,10 €",IVA incluido,Efectivo,PASO-044DDAB1,EMP04,Transporte_04 S.L.,EMP04-U29,BIZKAIA,Recajo – Alagón pk 272,Recajo,Alagón pk 272
Peaje,Estatal,AP-61,2025-01-31 22:21:54,A,"2,95 €",IVA incluido,Efectivo,PASO-C9AF01B3,EMP04,Transporte_04 S.L.,EMP04-U29,Comunidad de Madrid,San Rafael – El Hontoria,San Rafael,El Hontoria
Peaje,Estatal,AP-68,2025-02-04 23:35:59,A,"17,50 €",IVA incluido,Tarjeta crédito,PASO-FEB75144,EMP04,Transporte_04 S.L.,EMP04-U29,La Rioja,Subijana – Alfaro,Subijana,Alfaro
Peaje,Estatal,AP-7,2025-02-27 03:45:31,A,"2,75 €",IVA incluido,Tarjeta crédito,PASO-34A34A9A,EMP04,Transporte_04 S.L.,EMP04-U29,Barcelona,754 Carretera San Miguel Benijofar – 794 Los Alcazares (Sur),754 Carretera San Miguel Benijofar,794 Los Alcazares (Sur)
Peaje,Estatal,AP-61,2025-03-18 05:45:29,A,"1,55 €",IVA incluido,Tarjeta crédito,PASO-72D8016B,EMP04,Transporte_04 S.L.,EMP04-U29,Madrid,Ortigosa del Monte – Hontoria,Ortigosa del Monte,Hontoria
Peaje,Estatal,AP-7,2025-06-21 06:23:05,A,"3,70 €",IVA incluido,Tarjeta crédito,PASO-0F3FDD84,EMP04,Transporte_04 S.L.,EMP04-U29,Cataluña,Marbella – Estepona,Marbella,Estepona
Peaje,Estatal,AP-66,2025-07-21 10:18:25,A,"5,65 €",IVA incluido,Tarjeta crédito,PASO-B708D669,EMP04,Transporte_04 S.L.,EMP04-U29,León,Campomanes – Oblanca,Campomanes,Oblanca
Peaje,Estatal,AP-61,2025-05-10 16:34:20,A,"0,90 €",IVA incluido,Tarjeta crédito,PASO-6F563C49,EMP04,Transporte_04 S.L.,EMP04-U29,Madrid,San Rafael – Otero de Herreros,San Rafael,Otero de Herreros
Peaje,Estatal,AP-7,2025-03-28 02:42:31,A,"2,40 €",IVA incluido,Tarjeta crédito,PASO-BCBDE004,EMP04,Transporte_04 S.L.,EMP04-U29,Barcelona,Estepona – Guadiaro,Estepona,Guadiaro
Peaje,Estatal,AP-7,2025-04-02 02:33:05,A,"2,75 €",IVA incluido,Tarjeta crédito,PASO-E20631A5,EMP04,Transporte_04 S.L.,EMP04-U29,VALENCIA,754 Carretera San Miguel Benijofar – 784 San Javier (Sur)-Acceso aeropuerto,754 Carretera San Miguel Benijofar,784 San Javier (Sur)-Acceso aeropuerto
Peaje,Estatal,AP-7,2025-03-13 14:34:56,A,"2,75 €",IVA incluido,Tarjeta crédito,PASO-9AAFEA3F,EMP04,Transporte_04 S.L.,EMP04-U29,Tarragona,Acceso de La Zenia – ,Acceso de La Zenia,
Peaje,Estatal,AP-68,2025-02-08 07:56:02,A,"14,80 €",IVA incluido,Efectivo,PASO-34F308F9,EMP04,Transporte_04 S.L.,EMP04-U29,País Vasco,Autop. Burgos – Alfaro,Autop. Burgos,Alfaro
Peaje,Estatal,AP-61,2025-02-10 11:14:12,A,"2,85 €",IVA incluido,Tarjeta crédito,PASO-B26E1F20,EMP04,Transporte_04 S.L.,EMP04-U29,Comunidad de Madrid,Conexión AP-6 (El Espinar) – Segovia,Conexión AP-6 (El Espinar),Segovia
Peaje,Estatal,AP-7,2025-06-02 17:50:25,A,"2,75 €",IVA incluido,Tarjeta crédito,PASO-E638A10C,EMP04,Transporte_04 S.L.,EMP04-U29,BARCELONA,754 Carretera San Miguel Benijofar – 782 Balsicas,754 Carretera San Miguel Benijofar,782 Balsicas
Peaje,Estatal,AP-9,2025-07-20 05:10:12,A,"4,70 €",IVA incluido,Tarjeta crédito,PASO-352374A4,EMP04,Transporte_04 S.L.,EMP04-U29,A Coruña,Santiago – Caldas de Reis,Santiago,Caldas de Reis
Peaje,Estatal,AP-7,2025-04-03 18:52:12,A,"2,75 €",IVA incluido,Tarjeta crédito,PASO-5F6DEDA5,EMP04,Transporte_04 S.L.,EMP04-U29,Tarragona,Acceso de La Zenia – ,Acceso de La Zenia,
Peaje,Estatal,AP-66,2025-07-19 02:47:39,A,"5,65 €",IVA incluido,Tarjeta crédito,PASO-EE7306E6,EMP04,Transporte_04 S.L.,EMP04-U29,Asturias,Campomanes – Oblanca,Campomanes,Oblanca
Peaje,Estatal,AP-68,2025-05-05 08:30:05,A,"21,95 €",IVA incluido,Efectivo,PASO-B6A1DB31,EMP04,Transporte_04 S.L.,EMP04-U29,BIZKAIA,Ziorraga – Alfaro,Ziorraga,Alfaro
Peaje,Estatal,AP-61,2025-07-19 01:32:13,A,"0,90 €",IVA incluido,Tarjeta crédito,PASO-385BFCD8,EMP04,Transporte_04 S.L.,EMP04-U29,"Madrid, Comunidad de",San Rafael – Otero de Herreros,San Rafael,Otero de Herreros
Peaje,Estatal,AP-61,2025-01-25 18:55:23,A,"0,80 €",IVA incluido,Tarjeta crédito,PASO-6129792E,EMP04,Transporte_04 S.L.,EMP04-U29,MADRID,Conexión AP-6 (El Espinar) – Otero de H.,Conexión AP-6 (El Espinar),Otero de H.
Peaje,Estatal,AP-7,2025-03-26 05:06:03,A,"0,00 €",IVA incluido,Tarjeta crédito,PASO-AE34EF77,EMP04,Transporte_04 S.L.,EMP04-U29,Barcelona,754 Carretera San Miguel Benijofar – 758 San Miguel de Salinas-Torrevieja,754 Carretera San Miguel Benijofar,758 San Miguel de Salinas-Torrevieja
Peaje,Estatal,AP-68,2025-01-28 08:56:30,A,"20,15 €",IVA incluido,Tarjeta crédito,PASO-660064EF,EMP04,Transporte_04 S.L.,EMP04-U29,ARABA,Zambrana – Gallur,Zambrana,Gallur
Peaje,Estatal,AP-7,2025-06-21 11:01:45,A,"2,75 €",IVA incluido,Tarjeta crédito,PASO-4231C525,EMP04,Transporte_04 S.L.,EMP04-U29,Girona,763 La Zenia Urbanizaciones – 777 El Mirador-Colonia Ruiz de Alda,763 La Zenia Urbanizaciones,777 El Mirador-Colonia Ruiz de Alda
Peaje,Estatal,AP-7,2025-06-21 07:41:39,A,"2,75 €",IVA incluido,Efectivo,PASO-882C8FAE,EMP04,Transporte_04 S.L.,EMP04-U29,Tarragona,754 Carretera San Miguel Benijofar – 800 Los Beatos-El Algar,754 Carretera San Miguel Benijofar,800 Los Beatos-El Algar
Peaje,Estatal,AP-7,2025-01-28 19:11:35,A,"3,70 €",IVA incluido,Tarjeta crédito,PASO-22ACC1DE,EMP04,Transporte_04 S.L.,EMP04-U29,Girona,Marbella – Estepona,Marbella,Estepona
Peaje,Estatal,AP-7,2025-02-03 05:42:14,A,"5,50 €",IVA incluido,Tarjeta crédito,PASO-52287F9B,EMP04,Transporte_04 S.L.,EMP04-U29,Tarragona,733 Catral-Albatera – 763 La Zenia Urbanizaciones,733 Catral-Albatera,763 La Zenia Urbanizaciones
Peaje,Estatal,AP-61,2025-05-08 21:56:30,A,"2,15 €",IVA incluido,Tarjeta crédito,PASO-739DF2EB,EMP04,Transporte_04 S.L.,EMP04-U30,Comunidad de Madrid,Otero de Herreros – Hontoria,Otero de Herreros,Hontoria
Peaje,Estatal,AP-7,2025-03-09 07:28:25,A,"2,75 €",IVA incluido,Tarjeta crédito,PASO-1E76022A,EMP04,Transporte_04 S.L.,EMP04-U30,Barcelona,784 San Javier (Sur)-Acceso aeropuerto – 786 Los Alcazares (Norte),784 San Javier (Sur)-Acceso aeropuerto,786 Los Alcazares (Norte)
Peaje,Estatal,AP-68,2025-02-27 05:47:21,A,"6,85 €",IVA incluido,Tarjeta crédito,PASO-A6F04E27,EMP04,Transporte_04 S.L.,EMP04-U30,La Rioja,Altube – Zambrana,Altube,Zambrana
Peaje,Estatal,AP-66,2025-04-15 10:33:21,A,"4,15 €",IVA incluido,Efectivo,PASO-1BB20714,EMP04,Transporte_04 S.L.,EMP04-U30,ASTURIAS,Oblanca – La Magdalena,Oblanca,La Magdalena
Peaje,Estatal,AP-66,2025-06-13 20:05:05,A,"5,65 €",IVA incluido,Tarjeta crédito,PASO-FB9086AD,EMP04,Transporte_04 S.L.,EMP04-U30,ASTURIAS,Campomanes – Oblanca,Campomanes,Oblanca
Peaje,Estatal,AP-7,2025-05-09 12:13:03,A,"2,75 €",IVA incluido,Tarjeta crédito,PASO-26B6CF79,EMP04,Transporte_04 S.L.,EMP04-U30,VALENCIA,784 San Javier (Sur)-Acceso aeropuerto – 794 Los Alcazares (Sur),784 San Javier (Sur)-Acceso aeropuerto,794 Los Alcazares (Sur)
Peaje,Estatal,AP-61,2025-02-21 11:40:24,A,"1,55 €",IVA incluido,Tarjeta crédito,PASO-5F0F5F08,EMP04,Transporte_04 S.L.,EMP04-U30,Madrid,Ortigosa del Monte – Segovia,Ortigosa del Monte,Segovia
Peaje,Estatal,AP-61,2025-06-25 15:48:06,A,"2,85 €",IVA incluido,Tarjeta crédito,PASO-82A5DFC0,EMP04,Transporte_04 S.L.,EMP04-U30,Madrid,Conexión AP-6 (El Espinar) – Segovia,Conexión AP-6 (El Espinar),Segovia
Peaje,Estatal,AP-61,2025-01-10 12:08:35,A,"2,95 €",IVA incluido,Tarjeta crédito,PASO-F5FE895B,EMP04,Transporte_04 S.L.,EMP04-U30,Madrid,San Rafael – El Hontoria,San Rafael,El Hontoria
Peaje,Estatal,AP-7,2025-04-26 02:59:41,A,"1,15 €",IVA incluido,Efectivo,PASO-FD2C419A,EMP04,Transporte_04 S.L.,EMP04-U30,ALICANTE,Manilva – Guadiaro,Manilva,Guadiaro
Peaje,Estatal,AP-6,2025-05-19 08:54:49,A,"8,75 €",IVA incluido,Tarjeta crédito,PASO-69F542C2,EMP04,Transporte_04 S.L.,EMP04-U30,MADRID,San Rafael – Adanero,San Rafael,Adanero
Peaje,Estatal,AP-6,2025-06-27 20:10:52,A,"15,15 €",IVA incluido,Tarjeta crédito,PASO-58D65D43,EMP04,Transporte_04 S.L.,EMP04-U30,Madrid,Villalba – Adanero,Villalba,Adanero
Peaje,Estatal,AP-61,2025-06-26 19:16:21,A,"0,70 €",IVA incluido,Tarjeta crédito,PASO-ACA66ED8,EMP04,Transporte_04 S.L.,EMP04-U30,MADRID,Otero de Herreros – Ortigosa,Otero de Herreros,Ortigosa
Peaje,Estatal,AP-68,2025-07-13 11:47:37,A,"20,65 €",IVA incluido,Tarjeta crédito,PASO-E77A2786,EMP04,Transporte_04 S.L.,EMP04-U30,Zaragoza,Autop. Burgos – Gallur,Autop. Burgos,Gallur
Peaje,Estatal,AP-7,2025-05-07 15:27:22,A,"5,50 €",IVA incluido,Tarjeta crédito,PASO-8A264FA8,EMP04,Transporte_04 S.L.,EMP04-U30,Barcelona,751 Los Montesinos – 777 El Mirador-Colonia Ruiz de Alda,751 Los Montesinos,777 El Mirador-Colonia Ruiz de Alda
Peaje,Estatal,AP-7,2025-06-04 00:05:00,A,"2,75 €",IVA incluido,Tarjeta crédito,PASO-D549C91A,EMP04,Transporte_04 S.L.,EMP04-U30,Girona,754 Carretera San Miguel Benijofar – 786 Los Alcazares (Norte),754 Carretera San Miguel Benijofar,786 Los Alcazares (Norte)
Peaje,Estatal,AP-7,2025-02-16 07:41:28,A,"5,50 €",IVA incluido,Tarjeta crédito,PASO-A65C75B5,EMP04,Transporte_04 S.L.,EMP04-U30,ALICANTE,758 San Miguel de Salinas-Torrevieja – 782 Balsicas,758 San Miguel de Salinas-Torrevieja,782 Balsicas
Peaje,Estatal,AP-7,2025-03-11 11:21:07,A,"2,75 €",IVA incluido,Efectivo,PASO-6139E900,EMP04,Transporte_04 S.L.,EMP04-U30,Cataluña,754 Carretera San Miguel Benijofar – 770 El Pilar de la Horadada (Norte),754 Carretera San Miguel Benijofar,770 El Pilar de la Horadada (Norte)
Peaje,Estatal,AP-7,2025-04-21 17:52:48,A,"2,75 €",IVA incluido,Tarjeta crédito,PASO-EB324B69,EMP04,Transporte_04 S.L.,EMP04-U30,Cádiz,758 San Miguel de Salinas-Torrevieja – 768 Campoamor-Urbanizaciones,758 San Miguel de Salinas-Torrevieja,768 Campoamor-Urbanizaciones
Peaje,Estatal,AP-7,2025-03-26 20:39:14,A,"2,75 €",IVA incluido,Tarjeta crédito,PASO-7A49B59F,EMP04,Transporte_04 S.L.,EMP04-U30,Barcelona,754 Carretera San Miguel Benijofar – 797 Torre del Negro,754 Carretera San Miguel Benijofar,797 Torre del Negro
Peaje,Estatal,AP-61,2025-06-29 08:50:53,A,"2,85 €",IVA incluido,Efectivo,PASO-1CC5CEE3,EMP04,Transporte_04 S.L.,EMP04-U30,Madrid,Conexión AP-6 (El Espinar) – Segovia,Conexión AP-6 (El Espinar),Segovia
Peaje,Estatal,AP-53,2025-05-09 07:15:33,A,"2,90 €",IVA incluido,Tarjeta crédito,PASO-88B2703A,EMP04,Transporte_04 S.L.,EMP04-U30,LA CORUÑA,Silleda – Lalín Este,Silleda,Lalín Este
Peaje,Estatal,AP-61,2025-06-05 03:40:42,A,"2,85 €",IVA incluido,Efectivo,PASO-DF390806,EMP04,Transporte_04 S.L.,EMP04-U30,"Madrid, Comunidad de",Conexión AP-6 (El Espinar) – Segovia,Conexión AP-6 (El Espinar),Segovia
Peaje,Estatal,AP-61,2025-03-15 17:55:02,A,"2,85 €",IVA incluido,Efectivo,PASO-29132A9B,EMP04,Transporte_04 S.L.,EMP04-U30,Madrid,Conexión AP-6 (El Espinar) – Hontoria,Conexión AP-6 (El Espinar),Hontoria
Peaje,Estatal,AP-7,2025-04-04 15:06:51,A,"2,75 €",IVA incluido,Tarjeta crédito,PASO-990BA4DB,EMP04,Transporte_04 S.L.,EMP04-U30,Barcelona,754 Carretera San Miguel Benijofar – 780 San Javier (Norte)-Sucina,754 Carretera San Miguel Benijofar,780 San Javier (Norte)-Sucina
Peaje,Estatal,AP-7,2025-06-05 05:39:44,A,"2,75 €",IVA incluido,Tarjeta crédito,PASO-7FC63967,EMP04,Transporte_04 S.L.,EMP04-U30,Girona,763 La Zenia Urbanizaciones – 800 Los Beatos-El Algar,763 La Zenia Urbanizaciones,800 Los Beatos-El Algar
Peaje,Estatal,AP-7,2025-06-22 00:54:20,A,"2,75 €",IVA incluido,Tarjeta crédito,PASO-23DA4F0A,EMP04,Transporte_04 S.L.,EMP04-U30,Girona,758 San Miguel de Salinas-Torrevieja – 763 La Zenia Urbanizaciones,758 San Miguel de Salinas-Torrevieja,763 La Zenia Urbanizaciones
Peaje,Estatal,AP-7,2025-04-11 08:54:56,A,"2,40 €",IVA incluido,Tarjeta crédito,PASO-2506CA10,EMP04,Transporte_04 S.L.,EMP04-U30,Valencia,Estepona – Guadiaro,Estepona,Guadiaro
Peaje,Estatal,AP-6,2025-03-30 19:46:49,A,"8,75 €",IVA incluido,Tarjeta crédito,PASO-64E98DCB,EMP05,Transporte_05 S.L.,EMP05-U31,"Madrid, Comunidad de",San Rafael – Adanero,San Rafael,Adanero
Peaje,Estatal,AP-68,2025-02-20 14:20:46,A,"15,85 €",IVA incluido,Tarjeta crédito,PASO-45F09C35,EMP05,Transporte_05 S.L.,EMP05-U31,Aragón,Lodosa – Zaragoza,Lodosa,Zaragoza
Peaje,Estatal,AP-66,2025-05-12 06:04:14,A,"6,10 €",IVA incluido,Tarjeta crédito,PASO-6E01C67B,EMP05,Transporte_05 S.L.,EMP05-U31,Principado de Asturias,La Magdalena – León,La Magdalena,León
Peaje,Estatal,AP-7,2025-06-21 05:09:51,A,"2,75 €",IVA incluido,Efectivo,PASO-99CF2200,EMP05,Transporte_05 S.L.,EMP05-U31,Barcelona,754 Carretera San Miguel Benijofar – 768 Campoamor-Urbanizaciones,754 Carretera San Miguel Benijofar,768 Campoamor-Urbanizaciones
Peaje,Estatal,AP-61,2025-07-15 02:56:07,A,"2,15 €",IVA incluido,Tarjeta crédito,PASO-0F416349,EMP05,Transporte_05 S.L.,EMP05-U31,Comunidad de Madrid,Otero de Herreros – Hontoria,Otero de Herreros,Hontoria
Peaje,Estatal,AP-7,2025-07-08 04:16:22,A,"2,75 €",IVA incluido,Tarjeta crédito,PASO-F1C50478,EMP05,Transporte_05 S.L.,EMP05-U31,Valencia,754 Carretera San Miguel Benijofar – 763 La Zenia Urbanizaciones,754 Carretera San Miguel Benijofar,763 La Zenia Urbanizaciones
Peaje,Estatal,AP-7,2025-04-04 10:09:17,A,"2,75 €",IVA incluido,Tarjeta crédito,PASO-7BEE2347,EMP05,Transporte_05 S.L.,EMP05-U31,Cataluña,754 Carretera San Miguel Benijofar – 800 Los Beatos-El Algar,754 Carretera San Miguel Benijofar,800 Los Beatos-El Algar
Peaje,Estatal,AP-7,2025-07-26 00:05:00,A,"2,75 €",IVA incluido,Tarjeta crédito,PASO-BADB5BAE,EMP05,Transporte_05 S.L.,EMP05-U31,BARCELONA,754 Carretera San Miguel Benijofar – 770 El Pilar de la Horadada (Norte),754 Carretera San Miguel Benijofar,770 El Pilar de la Horadada (Norte)
Peaje,Estatal,AP-68,2025-02-19 19:36:52,A,"10,60 €",IVA incluido,Efectivo,PASO-31C5F79E,EMP05,Transporte_05 S.L.,EMP05-U31,País Vasco,Autop. Burgos – Lodosa,Autop. Burgos,Lodosa
Peaje,Estatal,AP-7,2025-02-13 21:18:48,A,"2,75 €",IVA incluido,Efectivo,PASO-4A1A974D,EMP05,Transporte_05 S.L.,EMP05-U31,Barcelona,763 La Zenia Urbanizaciones – 786 Los Alcazares (Norte),763 La Zenia Urbanizaciones,786 Los Alcazares (Norte)
Peaje,Estatal,AP-7,2025-03-28 13:41:11,A,"1,15 €",IVA incluido,Tarjeta crédito,PASO-92E4AA3E,EMP05,Transporte_05 S.L.,EMP05-U31,VALENCIA,Estepona – Manilva,Estepona,Manilva
Peaje,Estatal,AP-7,2025-01-14 16:05:33,A,"2,75 €",IVA incluido,Tarjeta crédito,PASO-94DA92DA,EMP05,Transporte_05 S.L.,EMP05-U31,Barcelona,784 San Javier (Sur)-Acceso aeropuerto – 797 Torre del Negro,784 San Javier (Sur)-Acceso aeropuerto,797 Torre del Negro
Peaje,Estatal,AP-61,2025-05-16 21:25:33,A,"0,70 €",IVA incluido,Tarjeta crédito,PASO-220D878C,EMP05,Transporte_05 S.L.,EMP05-U31,Comunidad de Madrid,Otero de Herreros – Ortigosa,Otero de Herreros,Ortigosa
Peaje,Estatal,AP-7,2025-01-03 07:54:19,A,"1,15 €",IVA incluido,Tarjeta crédito,PASO-EF809EA6,EMP05,Transporte_05 S.L.,EMP05-U31,CASTELLON,Acceso de Manilva – ,Acceso de Manilva,
Peaje,Estatal,AP-7,2025-02-10 15:45:36,A,"2,75 €",IVA incluido,Tarjeta crédito,PASO-8B84A3F6,EMP05,Transporte_05 S.L.,EMP05-U31,VALENCIA,758 San Miguel de Salinas-Torrevieja – 782 Balsicas,758 San Miguel de Salinas-Torrevieja,782 Balsicas
Peaje,Estatal,AP-68,2025-03-06 12:47:55,A,"8,05 €",IVA incluido,Tarjeta crédito,PASO-2B97B0AA,EMP05,Transporte_05 S.L.,EMP05-U31,Zaragoza,Ziorraga – Zambrana,Ziorraga,Zambrana
Peaje,Estatal,AP-61,2025-05-22 07:31:41,A,"0,70 €",IVA incluido,Tarjeta crédito,PASO-F510A3FF,EMP05,Transporte_05 S.L.,EMP05-U31,MADRID,Otero de Herreros – Ortigosa,Otero de Herreros,Ortigosa
Peaje,Estatal,AP-7,2025-04-07 11:52:43,A,"2,75 €",IVA incluido,Tarjeta crédito,PASO-800E3EDA,EMP05,Transporte_05 S.L.,EMP05-U31,Málaga,730 Catral – 758 San Miguel de Salinas-Torrevieja,730 Catral,758 San Miguel de Salinas-Torrevieja
Peaje,Estatal,AP-7,2025-02-13 16:21:29,A,"3,70 €",IVA incluido,Tarjeta crédito,PASO-D3708973,EMP05,Transporte_05 S.L.,EMP05-U31,Barcelona,Marbella – Estepona,Marbella,Estepona
Peaje,Estatal,AP-68,2025-02-02 17:09:45,A,"6,25 €",IVA incluido,Tarjeta crédito,PASO-1EEF4FD1,EMP05,Transporte_05 S.L.,EMP05-U31,ARABA,Zambrana – Logroño,Zambrana,Logroño
Peaje,Estatal,AP-68,2025-03-21 16:41:49,A,"6,60 €",IVA incluido,Tarjeta crédito,PASO-0D23DC01,EMP05,Transporte_05 S.L.,EMP05-U31,Zaragoza,Agoncillo – Alfaro,Agoncillo,Alfaro
Peaje,Estatal,AP-68,2025-01-27 09:19:56,A,"8,35 €",IVA incluido,Tarjeta crédito,PASO-DCB84BFD,EMP05,Transporte_05 S.L.,EMP05-U31,ZARAGOZA,Autop. Burgos – Agoncillo,Autop. Burgos,Agoncillo
Peaje,Estatal,AP-6,2025-02-06 18:23:46,A,"8,75 €",IVA incluido,Tarjeta crédito,PASO-46BF9743,EMP05,Transporte_05 S.L.,EMP05-U31,MADRID,San Rafael – Adanero,San Rafael,Adanero
Peaje,Estatal,AP-61,2025-05-27 00:05:00,A,"2,95 €",IVA incluido,Efectivo,PASO-2800A2ED,EMP05,Transporte_05 S.L.,EMP05-U31,MADRID,San Rafael – Segovia,San Rafael,Segovia
Peaje,Estatal,AP-7,2025-06-05 14:36:13,A,"2,75 €",IVA incluido,Tarjeta crédito,PASO-A0306306,EMP05,Transporte_05 S.L.,EMP05-U31,Tarragona,784 San Javier (Sur)-Acceso aeropuerto – 800 Los Beatos-El Algar,784 San Javier (Sur)-Acceso aeropuerto,800 Los Beatos-El Algar
Peaje,Estatal,AP-61,2025-05-10 14:40:01,A,"0,80 €",IVA incluido,Tarjeta crédito,PASO-7E3E282B,EMP05,Transporte_05 S.L.,EMP05-U31,MADRID,Conexión AP-6 (El Espinar) – Otero de Herreros,Conexión AP-6 (El Espinar),Otero de Herreros
Peaje,Estatal,AP-7,2025-06-18 17:30:02,A,"2,75 €",IVA incluido,Tarjeta crédito,PASO-35820878,EMP05,Transporte_05 S.L.,EMP05-U31,Tarragona,754 Carretera San Miguel Benijofar – 782 Balsicas,754 Carretera San Miguel Benijofar,782 Balsicas
Peaje,Estatal,AP-7,2025-05-19 23:55:00,A,"2,75 €",IVA incluido,Tarjeta crédito,PASO-ECE02FB9,EMP05,Transporte_05 S.L.,EMP05-U31,Barcelona,763 La Zenia Urbanizaciones – 794 Los Alcazares (Sur),763 La Zenia Urbanizaciones,794 Los Alcazares (Sur)
Peaje,Estatal,AP-68,2025-05-11 22:16:43,A,"5,50 €",IVA incluido,Tarjeta crédito,PASO-6E19A1FE,EMP05,Transporte_05 S.L.,EMP05-U31,Bizkaia,Autop. Navarra – Gallur,Autop. Navarra,Gallur
Peaje,Estatal,AP-7,2025-03-17 21:39:46,A,"2,75 €",IVA incluido,Tarjeta crédito,PASO-AA704F2E,EMP05,Transporte_05 S.L.,EMP05-U32,ALICANTE,754 Carretera San Miguel Benijofar – 775 Los Tárragas,754 Carretera San Miguel Benijofar,775 Los Tárragas
Peaje,Estatal,AP-7,2025-02-22 09:02:13,A,"2,75 €",IVA incluido,Tarjeta crédito,PASO-7F7E4D6A,EMP05,Transporte_05 S.L.,EMP05-U32,Barcelona,763 La Zenia Urbanizaciones – 790 Los Alcazares (Centro)-Torre Pacheco,763 La Zenia Urbanizaciones,790 Los Alcazares (Centro)-Torre Pacheco
Peaje,Estatal,AP-7,2025-07-13 12:31:49,A,"2,75 €",IVA incluido,Tarjeta crédito,PASO-F768E4A4,EMP05,Transporte_05 S.L.,EMP05-U32,Barcelona,754 Carretera San Miguel Benijofar – 797 Torre del Negro,754 Carretera San Miguel Benijofar,797 Torre del Negro
Peaje,Estatal,AP-61,2025-03-14 07:57:32,A,"2,85 €",IVA incluido,Tarjeta crédito,PASO-40B3787F,EMP05,Transporte_05 S.L.,EMP05-U32,MADRID,Conexión AP-6 (El Espinar) – Segovia,Conexión AP-6 (El Espinar),Segovia
Peaje,Estatal,AP-61,2025-05-02 06:01:29,A,"2,15 €",IVA incluido,Tarjeta crédito,PASO-CB188CE2,EMP05,Transporte_05 S.L.,EMP05-U32,Madrid,Otero de Herreros – Segovia,Otero de Herreros,Segovia
Peaje,Estatal,AP-7,2025-06-29 14:16:27,A,"5,50 €",IVA incluido,Tarjeta crédito,PASO-FBD98021,EMP05,Transporte_05 S.L.,EMP05-U32,Tarragona,775 Los Tárragas – 797 Torre del Negro,775 Los Tárragas,797 Torre del Negro
Peaje,Estatal,AP-7,2025-04-29 02:02:18,A,"2,75 €",IVA incluido,Tarjeta crédito,PASO-43310EEC,EMP05,Transporte_05 S.L.,EMP05-U32,Girona,754 Carretera San Miguel Benijofar – 794 Los Alcazares (Sur),754 Carretera San Miguel Benijofar,794 Los Alcazares (Sur)
Peaje,Estatal,AP-61,2025-02-06 13:57:31,A,"2,15 €",IVA incluido,Tarjeta crédito,PASO-859AA2C0,EMP05,Transporte_05 S.L.,EMP05-U32,Madrid,Otero de Herreros – Segovia,Otero de Herreros,Segovia
Peaje,Estatal,AP-7,2025-05-03 03:50:44,A,"3,40 €",IVA incluido,Tarjeta crédito,PASO-FEF09313,EMP05,Transporte_05 S.L.,EMP05-U32,Barcelona,Málaga – Calahonda,Málaga,Calahonda
Peaje,Estatal,AP-61,2025-04-06 12:58:22,A,"2,95 €",IVA incluido,Tarjeta crédito,PASO-AD481596,EMP05,Transporte_05 S.L.,EMP05-U32,"Madrid, Comunidad de",San Rafael – Segovia,San Rafael,Segovia
Peaje,Estatal,AP-7,2025-03-29 01:49:55,A,"2,75 €",IVA incluido,Efectivo,PASO-1A34908D,EMP05,Transporte_05 S.L.,EMP05-U32,ALICANTE,763 La Zenia Urbanizaciones – 770 El Pilar de la Horadada,763 La Zenia Urbanizaciones,770 El Pilar de la Horadada
Peaje,Estatal,AP-7,2025-02-10 11:30:41,A,"2,75 €",IVA incluido,Tarjeta crédito,PASO-EF289456,EMP05,Transporte_05 S.L.,EMP05-U32,Alicante,754 Carretera San Miguel Benijofar – 777 El Mirador-Colonia Ruiz de Alda,754 Carretera San Miguel Benijofar,777 El Mirador-Colonia Ruiz de Alda
Peaje,Estatal,AP-7,2025-01-15 02:10:42,A,"2,75 €",IVA incluido,Tarjeta crédito,PASO-62B71DFC,EMP05,Transporte_05 S.L.,EMP05-U32,ALICANTE,754 Carretera San Miguel Benijofar – 763 La Zenia Urbanizaciones,754 Carretera San Miguel Benijofar,763 La Zenia Urbanizaciones
Peaje,Estatal,AP-7,2025-03-20 16:57:28,A,"2,75 €",IVA incluido,Tarjeta crédito,PASO-2CEEA3E3,EMP05,Transporte_05 S.L.,EMP05-U32,ALICANTE,754 Carretera San Miguel Benijofar – 784 San Javier (Sur)-Acceso aeropuerto,754 Carretera San Miguel Benijofar,784 San Javier (Sur)-Acceso aeropuerto
Peaje,Estatal,AP-66,2025-05-25 11:39:21,A,"9,80 €",IVA incluido,Efectivo,PASO-45ADA540,EMP05,Transporte_05 S.L.,EMP05-U32,Principado de Asturias,Campomanes – La Magdalena,Campomanes,La Magdalena
Peaje,Estatal,AP-7,2025-05-22 06:48:11,A,"2,75 €",IVA incluido,Tarjeta crédito,PASO-0806C4C4,EMP05,Transporte_05 S.L.,EMP05-U32,Cataluña,758 San Miguel de Salinas-Torrevieja – 777 El Mirador-Colonia Ruiz de Alda,758 San Miguel de Salinas-Torrevieja,777 El Mirador-Colonia Ruiz de Alda
Peaje,Estatal,AP-68,2025-05-03 21:48:41,A,"1,65 €",IVA incluido,Tarjeta crédito,PASO-82B94F48,EMP05,Transporte_05 S.L.,EMP05-U32,País Vasco,Autop. Navarra – Tudela,Autop. Navarra,Tudela
Peaje,Estatal,AP-7,2025-01-21 00:12:04,A,"5,50 €",IVA incluido,Tarjeta crédito,PASO-288E2D25,EMP05,Transporte_05 S.L.,EMP05-U32,VALENCIA,754 Carretera San Miguel Benijofar – 780 San Javier (Norte)-Sucina,754 Carretera San Miguel Benijofar,780 San Javier (Norte)-Sucina
Peaje,Estatal,AP-68,2025-05-03 17:38:32,A,"4,60 €",IVA incluido,Tarjeta crédito,PASO-B884422D,EMP05,Transporte_05 S.L.,EMP05-U32,País Vasco,Ziorraga – Subijana,Ziorraga,Subijana
Peaje,Estatal,AP-7,2025-04-04 13:23:35,A,"5,50 €",IVA incluido,Tarjeta crédito,PASO-6B60D19B,EMP05,Transporte_05 S.L.,EMP05-U32,Girona,768 Campoamor-Urbanizaciones – 786 Los Alcazares (Norte),768 Campoamor-Urbanizaciones,786 Los Alcazares (Norte)
Peaje,Estatal,AP-7,2025-04-18 16:57:20,A,"0,00 €",IVA incluido,Tarjeta crédito,PASO-2A63196A,EMP05,Transporte_05 S.L.,EMP05-U32,Barcelona,754 Carretera San Miguel Benijofar – 758 San Miguel de Salinas-Torrevieja,754 Carretera San Miguel Benijofar,758 San Miguel de Salinas-Torrevieja
Peaje,Estatal,AP-7,2025-02-04 18:58:13,A,"2,75 €",IVA incluido,Tarjeta crédito,PASO-E9CB8D58,EMP05,Transporte_05 S.L.,EMP05-U32,Girona,763 La Zenia Urbanizaciones – 784 San Javier (Sur)-Acceso aeropuerto,763 La Zenia Urbanizaciones,784 San Javier (Sur)-Acceso aeropuerto
Peaje,Estatal,AP-66,2025-04-21 00:05:00,A,"9,80 €",IVA incluido,Efectivo,PASO-ADF2E899,EMP05,Transporte_05 S.L.,EMP05-U32,ASTURIAS,Campomanes – La Magdalena,Campomanes,La Magdalena
Peaje,Estatal,AP-7,2025-04-14 11:06:02,A,"7,10 €",IVA incluido,Tarjeta crédito,PASO-3496D198,EMP05,Transporte_05 S.L.,EMP05-U32,BARCELONA,Calahonda – Estepona,Calahonda,Estepona
Peaje,Estatal,AP-61,2025-05-03 12:15:58,A,"2,95 €",IVA incluido,Tarjeta crédito,PASO-81D0D668,EMP05,Transporte_05 S.L.,EMP05-U32,MADRID,San Rafael – Segovia,San Rafael,Segovia
Peaje,Estatal,AP-66,2025-04-14 19:48:27,A,"9,95 €",IVA incluido,Efectivo,PASO-D462F15A,EMP05,Transporte_05 S.L.,EMP05-U33,Principado de Asturias,Oblanca – León,Oblanca,León
Peaje,Estatal,AP-7,2025-06-18 00:05:00,A,"5,50 €",IVA incluido,Tarjeta crédito,PASO-1FCCE67C,EMP05,Transporte_05 S.L.,EMP05-U33,VALENCIA,743 Algorfa-Benijofar – 774 San Pedro del Pinatar (Norte),743 Algorfa-Benijofar,774 San Pedro del Pinatar (Norte)
Peaje,Estatal,AP-7,2025-06-29 06:36:27,A,"2,75 €",IVA incluido,Tarjeta crédito,PASO-6E66BB9D,EMP05,Transporte_05 S.L.,EMP05-U33,Cataluña,754 Carretera San Miguel Benijofar – 774 San Pedro del Pinatar (Norte),754 Carretera San Miguel Benijofar,774 San Pedro del Pinatar (Norte)
Peaje,Estatal,AP-7,2025-04-05 08:04:28,A,"2,75 €",IVA incluido,Tarjeta crédito,PASO-92CD7DB6,EMP05,Transporte_05 S.L.,EMP05-U33,Cataluña,754 Carretera San Miguel Benijofar – 770 El Pilar de la Horadada (Norte),754 Carretera San Miguel Benijofar,770 El Pilar de la Horadada (Norte)
Peaje,Estatal,AP-7,2025-01-28 00:05:00,A,"2,75 €",IVA incluido,Efectivo,PASO-7F503845,EMP05,Transporte_05 S.L.,EMP05-U33,Cádiz,763 La Zenia Urbanizaciones – 775 Los Tárragas,763 La Zenia Urbanizaciones,775 Los Tárragas
Peaje,Estatal,AP-7,2025-04-10 09:43:35,A,"2,75 €",IVA incluido,Efectivo,PASO-B26240E7,EMP05,Transporte_05 S.L.,EMP05-U33,Málaga,754 Carretera San Miguel Benijofar – 800 Los Beatos-El Algar,754 Carretera San Miguel Benijofar,800 Los Beatos-El Algar
Peaje,Estatal,AP-7,2025-03-13 04:50:34,A,"2,75 €",IVA incluido,Tarjeta crédito,PASO-EC9E58CB,EMP05,Transporte_05 S.L.,EMP05-U33,Barcelona,758 San Miguel de Salinas-Torrevieja – 782 Balsicas,758 San Miguel de Salinas-Torrevieja,782 Balsicas
Peaje,Estatal,AP-68,2025-01-01 04:25:01,A,"4,85 €",IVA incluido,Tarjeta crédito,PASO-B0BF99F4,EMP05,Transporte_05 S.L.,EMP05-U33,País Vasco,Autop. Burgos – Cenicero,Autop. Burgos,Cenicero
Peaje,Estatal,AP-7,2025-07-01 17:06:53,A,"2,75 €",IVA incluido,Efectivo,PASO-6E24C7E3,EMP05,Transporte_05 S.L.,EMP05-U33,BARCELONA,784 San Javier (Sur)-Acceso aeropuerto – 794 Los Alcazares (Sur),784 San Javier (Sur)-Acceso aeropuerto,794 Los Alcazares (Sur)
Peaje,Estatal,AP-7,2025-05-22 04:51:32,A,"2,75 €",IVA incluido,Tarjeta crédito,PASO-3E3847C3,EMP05,Transporte_05 S.L.,EMP05-U33,Tarragona,Acceso de La Zenia – ,Acceso de La Zenia,
Peaje,Estatal,AP-61,2025-05-11 12:34:42,A,"1,40 €",IVA incluido,Tarjeta crédito,PASO-3A249148,EMP05,Transporte_05 S.L.,EMP05-U33,Madrid,Conexión AP-6 (El Espinar) – Ortigosa,Conexión AP-6 (El Espinar),Ortigosa
Peaje,Estatal,AP-68,2025-06-26 00:05:00,A,"3,35 €",IVA incluido,Tarjeta crédito,PASO-C7BE83F2,EMP05,Transporte_05 S.L.,EMP05-U33,ARABA,Gallur – Alagón pk 272,Gallur,Alagón pk 272
Peaje,Estatal,AP-7,2025-04-13 11:38:11,A,"2,75 €",IVA incluido,Efectivo,PASO-12B35F09,EMP05,Transporte_05 S.L.,EMP05-U33,Barcelona,784 San Javier (Sur)-Acceso aeropuerto – 786 Los Alcazares (Norte),784 San Javier (Sur)-Acceso aeropuerto,786 Los Alcazares (Norte)
Peaje,Estatal,AP-68,2025-06-11 13:01:39,A,"8,35 €",IVA incluido,Tarjeta crédito,PASO-9DE5057B,EMP05,Transporte_05 S.L.,EMP05-U33,Zaragoza,Autop. Burgos – Agoncillo,Autop. Burgos,Agoncillo
Peaje,Estatal,AP-7,2025-04-06 03:02:31,A,"9,20 €",IVA incluido,Tarjeta crédito,PASO-272F2B32,EMP05,Transporte_05 S.L.,EMP05-U33,VALENCIA,Málaga – Estepona,Málaga,Estepona
Peaje,Estatal,AP-7,2025-05-11 06:14:53,A,"2,75 €",IVA incluido,Tarjeta crédito,PASO-EE62515A,EMP05,Transporte_05 S.L.,EMP05-U33,Barcelona,763 La Zenia Urbanizaciones – 790 Los Alcazares (Centro)-Torre Pacheco,763 La Zenia Urbanizaciones,790 Los Alcazares (Centro)-Torre Pacheco
Peaje,Estatal,AP-61,2025-04-05 15:45:40,A,"1,40 €",IVA incluido,Tarjeta crédito,PASO-D2B830DC,EMP05,Transporte_05 S.L.,EMP05-U33,MADRID,Conexión AP-6 (El Espinar) – Ortigosa,Conexión AP-6 (El Espinar),Ortigosa
Peaje,Estatal,AP-7,2025-07-17 23:28:49,A,"5,50 €",IVA incluido,Efectivo,PASO-80F83B21,EMP05,Transporte_05 S.L.,EMP05-U33,VALENCIA,768 Campoamor-Urbanizaciones – 786 Los Alcazares (Norte),768 Campoamor-Urbanizaciones,786 Los Alcazares (Norte)
Peaje,Estatal,AP-68,2025-06-03 09:49:59,A,"23,80 €",IVA incluido,Efectivo,PASO-85B292C7,EMP05,Transporte_05 S.L.,EMP05-U33,BIZKAIA,Autop. Burgos – Alagón pk 272,Autop. Burgos,Alagón pk 272
Peaje,Estatal,AP-7,2025-05-15 11:08:04,A,"2,75 €",IVA incluido,Tarjeta crédito,PASO-10863623,EMP05,Transporte_05 S.L.,EMP05-U33,Barcelona,754 Carretera San Miguel Benijofar – 786 Los Alcazares (Norte),754 Carretera San Miguel Benijofar,786 Los Alcazares (Norte)
Peaje,Estatal,AP-7,2025-04-05 23:55:00,A,"2,75 €",IVA incluido,Tarjeta crédito,PASO-B69118A1,EMP05,Transporte_05 S.L.,EMP05-U33,Barcelona,754 Carretera San Miguel Benijofar – 763 La Zenia Urbanizaciones,754 Carretera San Miguel Benijofar,763 La Zenia Urbanizaciones
Peaje,Estatal,AP-7,2025-01-11 18:49:29,A,"2,75 €",IVA incluido,Efectivo,PASO-7E73C722,EMP05,Transporte_05 S.L.,EMP05-U33,Málaga,754 Carretera San Miguel Benijofar – 797 Torre del Negro,754 Carretera San Miguel Benijofar,797 Torre del Negro
Peaje,Estatal,AP-53,2025-07-11 08:59:06,A,"1,95 €",IVA incluido,Efectivo,PASO-AC8A18B0,EMP05,Transporte_05 S.L.,EMP05-U33,PONTEVEDRA,Santiago – Ribadulla,Santiago,Ribadulla
Peaje,Estatal,AP-61,2025-05-07 21:01:51,A,"2,15 €",IVA incluido,Tarjeta crédito,PASO-36972FDA,EMP05,Transporte_05 S.L.,EMP05-U33,Madrid,Otero de Herreros – Segovia,Otero de Herreros,Segovia
Peaje,Estatal,AP-7,2025-03-09 18:36:09,A,"2,75 €",IVA incluido,Tarjeta crédito,PASO-EA03F17F,EMP05,Transporte_05 S.L.,EMP05-U33,ALICANTE,758 San Miguel de Salinas-Torrevieja – 775 Los Tárragas,758 San Miguel de Salinas-Torrevieja,775 Los Tárragas
Peaje,Estatal,AP-66,2025-01-06 09:13:06,A,"9,80 €",IVA incluido,Tarjeta crédito,PASO-C71346B1,EMP05,Transporte_05 S.L.,EMP05-U33,Principado de Asturias,Campomanes – La Magdalena,Campomanes,La Magdalena
Peaje,Estatal,AP-7,2025-03-29 02:07:10,A,"2,75 €",IVA incluido,Tarjeta crédito,PASO-D987D07C,EMP06,Transporte_06 S.L.,EMP06-U34,Girona,758 San Miguel de Salinas-Torrevieja – 775 Los Tárragas,758 San Miguel de Salinas-Torrevieja,775 Los Tárragas
Peaje,Estatal,AP-68,2025-07-13 13:36:25,A,"30,95 €",IVA incluido,Tarjeta crédito,PASO-2CB53B81,EMP06,Transporte_06 S.L.,EMP06-U34,País Vasco,Ziorraga – Alagón pk 272,Ziorraga,Alagón pk 272
Peaje,Estatal,AP-68,2025-04-26 06:07:42,A,"12,15 €",IVA incluido,Efectivo,PASO-C3A25B3D,EMP06,Transporte_06 S.L.,EMP06-U34,País Vasco,Calahorra – Alagón pk 272,Calahorra,Alagón pk 272
Peaje,Estatal,AP-61,2025-04-18 21:10:17,A,"0,00 €",IVA incluido,Tarjeta crédito,PASO-0DDA3C34,EMP06,Transporte_06 S.L.,EMP06-U34,Madrid,Hontoria – Segovia,Hontoria,Segovia
Peaje,Estatal,AP-68,2025-06-09 13:47:00,A,"2,30 €",IVA incluido,Tarjeta crédito,PASO-4F1866E4,EMP06,Transporte_06 S.L.,EMP06-U34,ZARAGOZA,Alfaro – Tudela,Alfaro,Tudela
Peaje,Estatal,AP-7,2025-04-01 21:09:48,A,"2,75 €",IVA incluido,Tarjeta crédito,PASO-8BED808E,EMP06,Transporte_06 S.L.,EMP06-U34,Barcelona,758 San Miguel de Salinas-Torrevieja – 775 Los Tárragas,758 San Miguel de Salinas-Torrevieja,775 Los Tárragas
Peaje,Estatal,AP-7,2025-03-23 07:33:11,A,"2,75 €",IVA incluido,Tarjeta crédito,PASO-AB6A291C,EMP06,Transporte_06 S.L.,EMP06-U34,Barcelona,763 La Zenia Urbanizaciones – 777 El Mirador-Colonia Ruiz de Alda,763 La Zenia Urbanizaciones,777 El Mirador-Colonia Ruiz de Alda
Peaje,Estatal,AP-7,2025-07-18 03:05:44,A,"2,75 €",IVA incluido,Tarjeta crédito,PASO-E5A98906,EMP06,Transporte_06 S.L.,EMP06-U34,VALENCIA,754 Carretera San Miguel Benijofar – 777 El Mirador-Colonia Ruiz de Alda,754 Carretera San Miguel Benijofar,777 El Mirador-Colonia Ruiz de Alda
Peaje,Estatal,AP-68,2025-02-22 18:33:22,A,"17,80 €",IVA incluido,Tarjeta crédito,PASO-8858B5C9,EMP06,Transporte_06 S.L.,EMP06-U34,País Vasco,Altube – Calahorra,Altube,Calahorra
Peaje,Estatal,AP-7,2025-04-26 10:07:02,A,"2,75 €",IVA incluido,Tarjeta crédito,PASO-627C612F,EMP06,Transporte_06 S.L.,EMP06-U34,Tarragona,754 Carretera San Miguel Benijofar – 768 Campoamor-Urbanizaciones,754 Carretera San Miguel Benijofar,768 Campoamor-Urbanizaciones
Peaje,Estatal,AP-7,2025-03-16 08:55:30,A,"7,65 €",IVA incluido,Tarjeta crédito,PASO-D9DE4EE1,EMP06,Transporte_06 S.L.,EMP06-U34,Barcelona,Málaga – San Pedro de Alcantara,Málaga,San Pedro de Alcantara
Peaje,Estatal,AP-7,2025-05-09 18:45:23,A,"2,75 €",IVA incluido,Tarjeta crédito,PASO-337AB6A7,EMP06,Transporte_06 S.L.,EMP06-U34,Barcelona,754 Carretera San Miguel Benijofar – 763 La Zenia Urbanizaciones,754 Carretera San Miguel Benijofar,763 La Zenia Urbanizaciones
Peaje,Estatal,AP-7,2025-02-23 15:18:03,A,"2,75 €",IVA incluido,Tarjeta crédito,PASO-C79BF5F3,EMP06,Transporte_06 S.L.,EMP06-U34,Girona,784 San Javier (Sur)-Acceso aeropuerto – 790 Los Alcazares (Centro)-Torre Pacheco,784 San Javier (Sur)-Acceso aeropuerto,790 Los Alcazares (Centro)-Torre Pacheco
Peaje,Estatal,AP-7,2025-06-09 01:08:29,A,"3,40 €",IVA incluido,Tarjeta crédito,PASO-C8BBCD5D,EMP06,Transporte_06 S.L.,EMP06-U34,Barcelona,Calahonda – Marbella,Calahonda,Marbella
Peaje,Estatal,AP-9,2025-06-09 19:39:04,A,"2,00 €",IVA incluido,Tarjeta crédito,PASO-111C1C74,EMP06,Transporte_06 S.L.,EMP06-U34,Pontevedra,Puxeiros – Porriño,Puxeiros,Porriño
Peaje,Estatal,AP-68,2025-03-10 14:34:46,A,"16,80 €",IVA incluido,Tarjeta crédito,PASO-DA245CCD,EMP06,Transporte_06 S.L.,EMP06-U34,Bizkaia,Llodio – Logroño,Llodio,Logroño
Peaje,Estatal,AP-68,2025-06-28 08:35:53,A,"10,15 €",IVA incluido,Tarjeta crédito,PASO-54E050F1,EMP06,Transporte_06 S.L.,EMP06-U34,ZARAGOZA,Lodosa – Gallur,Lodosa,Gallur
Peaje,Estatal,AP-7,2025-06-05 08:44:29,A,"2,75 €",IVA incluido,Tarjeta crédito,PASO-41C511F3,EMP06,Transporte_06 S.L.,EMP06-U34,Barcelona,758 San Miguel de Salinas-Torrevieja – 782 Balsicas,758 San Miguel de Salinas-Torrevieja,782 Balsicas
Peaje,Estatal,AP-61,2025-04-14 06:33:33,A,"1,55 €",IVA incluido,Efectivo,PASO-135E7C5F,EMP06,Transporte_06 S.L.,EMP06-U34,MADRID,Ortigosa del Monte – Hontoria,Ortigosa del Monte,Hontoria
Peaje,Estatal,AP-7,2025-07-19 17:46:14,A,"2,75 €",IVA incluido,Tarjeta crédito,PASO-DBD0555C,EMP06,Transporte_06 S.L.,EMP06-U34,Cádiz,Troncal de La Zenia – ,Troncal de La Zenia,
Peaje,Estatal,AP-61,2025-07-01 18:18:01,A,"1,40 €",IVA incluido,Tarjeta crédito,PASO-D2DE239A,EMP06,Transporte_06 S.L.,EMP06-U34,Madrid,Conexión AP-6 (El Espinar) – Ortigosa,Conexión AP-6 (El Espinar),Ortigosa
Peaje,Estatal,AP-7,2025-07-30 11:44:01,A,"2,75 €",IVA incluido,Tarjeta crédito,PASO-DEA0B048,EMP06,Transporte_06 S.L.,EMP06-U34,Cataluña,754 Carretera San Miguel Benijofar – 763 La Zenia Urbanizaciones,754 Carretera San Miguel Benijofar,763 La Zenia Urbanizaciones
Peaje,Estatal,AP-7,2025-05-07 17:11:47,A,"3,70 €",IVA incluido,Tarjeta crédito,PASO-57FC4C31,EMP06,Transporte_06 S.L.,EMP06-U34,Barcelona,Marbella – Estepona,Marbella,Estepona
Peaje,Estatal,AP-61,2025-05-30 17:19:45,A,"0,00 €",IVA incluido,Tarjeta crédito,PASO-E21A33D1,EMP06,Transporte_06 S.L.,EMP06-U35,"Madrid, Comunidad de",Hontoria – Segovia,Hontoria,Segovia
Peaje,Estatal,AP-7,2025-05-16 15:54:52,A,"2,75 €",IVA incluido,Tarjeta crédito,PASO-F03D4B63,EMP06,Transporte_06 S.L.,EMP06-U35,Cataluña,754 Carretera San Miguel Benijofar – 790 Los Alcazares (Centro)-Torre Pacheco,754 Carretera San Miguel Benijofar,790 Los Alcazares (Centro)-Torre Pacheco
Peaje,Estatal,AP-7,2025-05-20 23:55:00,A,"5,50 €",IVA incluido,Tarjeta crédito,PASO-5ADD92CD,EMP06,Transporte_06 S.L.,EMP06-U35,Girona,740 Almoradí-Formentera – 770 El Pilar de la Horadada (Norte),740 Almoradí-Formentera,770 El Pilar de la Horadada (Norte)
Peaje,Estatal,AP-61,2025-01-07 11:45:37,A,"2,15 €",IVA incluido,Tarjeta crédito,PASO-66829682,EMP06,Transporte_06 S.L.,EMP06-U35,MADRID,Otero de Herreros – Hontoria,Otero de Herreros,Hontoria
Peaje,Estatal,AP-66,2025-04-24 23:55:00,A,"9,95 €",IVA incluido,Tarjeta crédito,PASO-6D55CD99,EMP06,Transporte_06 S.L.,EMP06-U35,Principado de Asturias,Oblanca – León,Oblanca,León
Peaje,Estatal,AP-7,2025-04-16 13:44:57,A,"5,50 €",IVA incluido,Tarjeta crédito,PASO-CAF9C809,EMP06,Transporte_06 S.L.,EMP06-U35,MALAGA,751 Los Montesinos – 777 El Mirador-Colonia Ruiz de Alda,751 Los Montesinos,777 El Mirador-Colonia Ruiz de Alda
Peaje,Estatal,AP-7,2025-06-02 19:32:51,A,"5,50 €",IVA incluido,Tarjeta crédito,PASO-4EACF7F9,EMP06,Transporte_06 S.L.,EMP06-U35,ALICANTE,751 Los Montesinos – 777 El Mirador-Colonia Ruiz de Alda,751 Los Montesinos,777 El Mirador-Colonia Ruiz de Alda
Peaje,Estatal,AP-61,2025-03-11 06:50:10,A,"1,55 €",IVA incluido,Tarjeta crédito,PASO-8FE77AC9,EMP06,Transporte_06 S.L.,EMP06-U35,Madrid,Ortigosa del Monte – Hontoria,Ortigosa del Monte,Hontoria
Peaje,Estatal,AP-7,2025-05-25 06:15:36,A,"2,15 €",IVA incluido,Tarjeta crédito,PASO-B290A035,EMP06,Transporte_06 S.L.,EMP06-U35,Barcelona,San Pedro de Alcantara – Estepona,San Pedro de Alcantara,Estepona
Peaje,Estatal,AP-66,2025-05-27 03:06:29,A,"9,80 €",IVA incluido,Efectivo,PASO-E2B7C28D,EMP06,Transporte_06 S.L.,EMP06-U35,León,Campomanes – La Magdalena,Campomanes,La Magdalena
Peaje,Estatal,AP-7,2025-05-15 16:37:05,A,"7,65 €",IVA incluido,Tarjeta crédito,PASO-0809D64A,EMP06,Transporte_06 S.L.,EMP06-U35,Barcelona,Málaga – San Pedro de Alcantara,Málaga,San Pedro de Alcantara
Peaje,Estatal,AP-61,2025-01-01 17:26:02,A,"2,85 €",IVA incluido,Tarjeta crédito,PASO-94FF5C7B,EMP06,Transporte_06 S.L.,EMP06-U35,Madrid,Conexión AP-6 (El Espinar) – Hontoria,Conexión AP-6 (El Espinar),Hontoria
Peaje,Estatal,AP-7,2025-03-26 06:21:23,A,"5,50 €",IVA incluido,Tarjeta crédito,PASO-1D64E992,EMP06,Transporte_06 S.L.,EMP06-U35,Girona,774 San Pedro del Pinatar (Norte) – 794 Los Alcazares (Sur),774 San Pedro del Pinatar (Norte),794 Los Alcazares (Sur)
Peaje,Estatal,AP-7,2025-04-27 10:45:23,A,"2,75 €",IVA incluido,Tarjeta crédito,PASO-6FE86D88,EMP06,Transporte_06 S.L.,EMP06-U35,Barcelona,763 La Zenia Urbanizaciones – 797 Torre del Negro,763 La Zenia Urbanizaciones,797 Torre del Negro
Peaje,Estatal,AP-7,2025-02-05 05:25:30,A,"2,75 €",IVA incluido,Tarjeta crédito,PASO-154BD9A6,EMP06,Transporte_06 S.L.,EMP06-U35,Barcelona,758 San Miguel de Salinas-Torrevieja – 763 La Zenia Urbanizaciones,758 San Miguel de Salinas-Torrevieja,763 La Zenia Urbanizaciones
Peaje,Estatal,AP-66,2025-03-23 15:42:14,A,"9,95 €",IVA incluido,Tarjeta crédito,PASO-CC192782,EMP06,Transporte_06 S.L.,EMP06-U35,ASTURIAS,Oblanca – León,Oblanca,León
Peaje,Estatal,AP-61,2025-04-16 12:26:47,A,"0,90 €",IVA incluido,Tarjeta crédito,PASO-42E0DC4D,EMP06,Transporte_06 S.L.,EMP06-U35,"Madrid, Comunidad de",San Rafael – Otero de Herreros,San Rafael,Otero de Herreros
Peaje,Estatal,AP-7,2025-06-25 23:55:00,A,"2,75 €",IVA incluido,Tarjeta crédito,PASO-74B1A68D,EMP06,Transporte_06 S.L.,EMP06-U35,Girona,754 Carretera San Miguel Benijofar – 800 Los Beatos-El Algar,754 Carretera San Miguel Benijofar,800 Los Beatos-El Algar
Peaje,Estatal,AP-7,2025-06-15 16:43:11,A,"2,75 €",IVA incluido,Tarjeta crédito,PASO-1F7649A3,EMP06,Transporte_06 S.L.,EMP06-U35,ALICANTE,758 San Miguel de Salinas-Torrevieja – 782 Balsicas,758 San Miguel de Salinas-Torrevieja,782 Balsicas
Peaje,Estatal,AP-61,2025-07-17 00:05:00,A,"2,95 €",IVA incluido,Tarjeta crédito,PASO-EE372771,EMP06,Transporte_06 S.L.,EMP06-U35,Madrid,San Rafael – Segovia,San Rafael,Segovia
Peaje,Estatal,AP-7,2025-07-10 02:04:13,A,"2,75 €",IVA incluido,Efectivo,PASO-ED7D7220,EMP06,Transporte_06 S.L.,EMP06-U35,Cataluña,754 Carretera San Miguel Benijofar – 782 Balsicas,754 Carretera San Miguel Benijofar,782 Balsicas
Peaje,Estatal,AP-7,2025-05-14 09:36:12,A,"2,75 €",IVA incluido,Tarjeta crédito,PASO-B0A56B3E,EMP06,Transporte_06 S.L.,EMP06-U35,CADIZ,784 San Javier (Sur)-Acceso aeropuerto – 790 Los Alcazares (Centro)-Torre Pacheco,784 San Javier (Sur)-Acceso aeropuerto,790 Los Alcazares (Centro)-Torre Pacheco
Peaje,Estatal,AP-9,2025-05-08 10:38:33,A,"3,00 €",IVA incluido,Tarjeta crédito,PASO-1E8C36EE,EMP06,Transporte_06 S.L.,EMP06-U35,PONTEVEDRA,Santiago – Padrón,Santiago,Padrón
Peaje,Estatal,AP-61,2025-04-21 23:55:00,A,"2,95 €",IVA incluido,Efectivo,PASO-9ECE0B4D,EMP06,Transporte_06 S.L.,EMP06-U36,Madrid,San Rafael – El Hontoria,San Rafael,El Hontoria
Peaje,Estatal,AP-7,2025-04-14 09:50:06,A,"5,50 €",IVA incluido,Tarjeta crédito,PASO-364A23B4,EMP06,Transporte_06 S.L.,EMP06-U36,Barcelona,Troncal de Calahonda – ,Troncal de Calahonda,
Peaje,Estatal,AP-7,2025-06-24 19:26:05,A,"2,75 €",IVA incluido,Tarjeta crédito,PASO-460A173B,EMP06,Transporte_06 S.L.,EMP06-U36,Cataluña,758 San Miguel de Salinas-Torrevieja – 777 El Mirador-Colonia Ruiz de Alda,758 San Miguel de Salinas-Torrevieja,777 El Mirador-Colonia Ruiz de Alda
Peaje,Estatal,AP-7,2025-07-24 13:08:01,A,"2,75 €",IVA incluido,Tarjeta crédito,PASO-A71112EF,EMP06,Transporte_06 S.L.,EMP06-U36,Barcelona,754 Carretera San Miguel Benijofar – 777 El Mirador-Colonia Ruiz de Alda,754 Carretera San Miguel Benijofar,777 El Mirador-Colonia Ruiz de Alda
Peaje,Estatal,AP-68,2025-02-07 03:45:53,A,"4,05 €",IVA incluido,Tarjeta crédito,PASO-DE9BC1CB,EMP06,Transporte_06 S.L.,EMP06-U36,Aragón,Tudela – Gallur,Tudela,Gallur
Peaje,Estatal,AP-61,2025-02-10 01:00:25,A,"2,85 €",IVA incluido,Tarjeta crédito,PASO-9EBD630D,EMP06,Transporte_06 S.L.,EMP06-U36,Madrid,Conexión AP-6 (El Espinar) – Segovia,Conexión AP-6 (El Espinar),Segovia
Peaje,Estatal,AP-61,2025-07-04 09:44:48,A,"0,70 €",IVA incluido,Tarjeta crédito,PASO-348CD3BB,EMP06,Transporte_06 S.L.,EMP06-U36,Segovia,Otero de Herreros – Ortigosa,Otero de Herreros,Ortigosa
Peaje,Estatal,AP-68,2025-03-30 14:43:41,A,"9,20 €",IVA incluido,Tarjeta crédito,PASO-CEFE21DE,EMP06,Transporte_06 S.L.,EMP06-U36,LA RIOJA,Tudela – Zaragoza,Tudela,Zaragoza
Peaje,Estatal,AP-68,2025-03-17 10:20:34,A,"3,15 €",IVA incluido,Tarjeta crédito,PASO-A46BA0DA,EMP06,Transporte_06 S.L.,EMP06-U36,La Rioja,Calahorra – Alfaro,Calahorra,Alfaro
Peaje,Estatal,AP-7,2025-03-18 13:55:55,A,"5,50 €",IVA incluido,Tarjeta crédito,PASO-1552DCCD,EMP06,Transporte_06 S.L.,EMP06-U36,Barcelona,770 El Pilar de la Horadada (Norte) – 790 Los Alcazares (Centro)-Torre Pacheco,770 El Pilar de la Horadada (Norte),790 Los Alcazares (Centro)-Torre Pacheco
Peaje,Estatal,AP-7,2025-04-23 23:55:00,A,"2,75 €",IVA incluido,Tarjeta crédito,PASO-83467969,EMP06,Transporte_06 S.L.,EMP06-U36,Barcelona,754 Carretera San Miguel Benijofar – 794 Los Alcazares (Sur),754 Carretera San Miguel Benijofar,794 Los Alcazares (Sur)
Peaje,Estatal,AP-61,2025-06-13 20:41:06,A,"0,70 €",IVA incluido,Tarjeta crédito,PASO-8123C846,EMP06,Transporte_06 S.L.,EMP06-U36,Madrid,Otero de Herreros – Ortigosa,Otero de Herreros,Ortigosa
Peaje,Estatal,AP-68,2025-01-25 00:05:00,A,"11,95 €",IVA incluido,Tarjeta crédito,PASO-DD1A8AED,EMP06,Transporte_06 S.L.,EMP06-U36,Araba,Ziorraga – Cenicero,Ziorraga,Cenicero
Peaje,Estatal,AP-7,2025-05-20 00:05:00,A,"2,75 €",IVA incluido,Tarjeta crédito,PASO-6C5677EB,EMP06,Transporte_06 S.L.,EMP06-U36,Valencia,Acceso de La Zenia – ,Acceso de La Zenia,
Peaje,Estatal,AP-7,2025-03-17 20:54:23,A,"2,75 €",IVA incluido,Tarjeta crédito,PASO-518D116F,EMP06,Transporte_06 S.L.,EMP06-U36,Barcelona,Troncal de La Zenia – ,Troncal de La Zenia,
Peaje,Estatal,AP-7,2025-03-18 03:53:24,A,"2,75 €",IVA incluido,Tarjeta crédito,PASO-EB8221E9,EMP06,Transporte_06 S.L.,EMP06-U36,Cataluña,763 La Zenia Urbanizaciones – 774 San Pedro del Pinatar (Norte),763 La Zenia Urbanizaciones,774 San Pedro del Pinatar (Norte)
Peaje,Estatal,AP-68,2025-01-04 23:55:00,A,"2,35 €",IVA incluido,Tarjeta crédito,PASO-BC47CD3A,EMP06,Transporte_06 S.L.,EMP06-U36,País Vasco,Agoncillo – Lodosa,Agoncillo,Lodosa
Peaje,Estatal,AP-7,2025-05-21 15:16:52,A,"2,75 €",IVA incluido,Tarjeta crédito,PASO-4598A7EE,EMP06,Transporte_06 S.L.,EMP06-U36,Cataluña,754 Carretera San Miguel Benijofar – 786 Los Alcazares (Norte),754 Carretera San Miguel Benijofar,786 Los Alcazares (Norte)
Peaje,Estatal,AP-7,2025-01-22 08:23:02,A,"2,75 €",IVA incluido,Tarjeta crédito,PASO-97EE4A03,EMP06,Transporte_06 S.L.,EMP06-U36,VALENCIA,763 La Zenia Urbanizaciones – 774 San Pedro del Pinatar (Norte),763 La Zenia Urbanizaciones,774 San Pedro del Pinatar (Norte)
